,dataset,activity,od,strain,genotype,control
0,G1 Tier2,26.99007272727273,0.2883,O2369,A73R,False
1,G1 Tier2,28.643963636363644,0.2778,O2401,A73R,False
2,G1 Tier2,13.091345454545456,0.3162,O2404,M99V,False
3,G1 Tier2,26.784030303030303,0.2967,O2343,A73R,False
4,G1 Tier2,18.529836363636367,0.2969,O2310,G125R,False
5,G1 Tier2,9.508739393939392,0.334,O2325,K82M,False
6,G1 Tier2,28.273884848484848,0.308,O2429,A73R,False
7,G1 Tier2,8.909048484848485,0.3044,O2314,"V39I,A73K",False
8,G1 Tier2,12.633084848484849,0.3183,O2404,M99V,False
9,G1 Tier2,29.469896969696972,0.298,O2355,A73R,False
10,G1 Tier2,3.808533333333336,0.3161,O1757,wild type,True
11,G1 Tier2,28.00972121212121,0.2886,O2429,A73R,False
12,G1 Tier2,23.344042424242424,0.2877,O2401,A73R,False
13,G1 Tier2,23.39301818181818,0.3356,O2355,A73R,False
14,G1 Tier2,17.568127272727274,0.315,O2310,G125R,False
15,G1 Tier2,26.485957575757585,0.4087,O2369,A73R,False
16,G1 Tier2,13.633321212121214,0.3544,O2404,M99V,False
17,G1 Tier2,27.20358787878788,0.2973,O2369,A73R,False
18,G1 Tier2,30.160078787878792,0.3437,O2360,A73R,False
19,G1 Tier2,8.575024242424243,0.3216,O2325,K82M,False
20,G1 Tier2,25.02015757575757,0.3032,O2369,A73R,False
21,G1 Tier2,8.95502424242424,0.2971,O2314,"V39I,A73K",False
22,G1 Tier2,29.984254545454547,0.2924,O2429,A73R,False
23,G1 Tier2,26.51424848484849,0.2818,O2355,A73R,False
24,G1 Tier2,25.173860606060604,0.3287,O2360,A73R,False
25,G1 Tier2,12.41198181818182,0.3112,O2404,M99V,False
26,G1 Tier2,3.4841090909090906,0.3046,O1757,wild type,True
27,G1 Tier2,3.1606909090909103,0.3122,O1757,wild type,True
28,G1 Tier2,3.522157575757576,0.3151,O1757,wild type,True
29,G1 Tier2,29.455866666666665,0.3243,O2360,A73R,False
30,G1 Tier2,26.964763636363635,0.3064,O2355,A73R,False
31,G1 Tier2,28.6205393939394,0.2913,O2369,A73R,False
32,G1 Tier2,25.962678787878797,0.2871,O2343,A73R,False
33,G1 Tier2,30.2288303030303,0.2846,O2369,A73R,False
34,G1 Tier2,29.16173333333333,0.2768,O2429,A73R,False
35,G1 Tier2,26.760763636363635,0.2742,O2343,A73R,False
36,G1 Tier2,32.12237575757576,0.3209,O2360,A73R,False
37,G1 Tier2,7.84059393939394,0.3107,O2325,K82M,False
38,G1 Tier2,27.05024848484849,0.2827,O2343,A73R,False
39,G1 Tier2,28.042836363636365,0.2937,O2369,A73R,False
40,G1 Tier2,27.691066666666668,0.2996,O2355,A73R,False
41,G1 Tier2,8.65147272727273,0.3059,O2314,"V39I,A73K",False
42,G1 Tier2,31.07063030303031,0.2779,O2429,A73R,False
43,G1 Tier2,18.40478787878788,0.2978,O2310,G125R,False
44,G1 Tier2,28.51108484848485,0.3065,O2360,A73R,False
45,G1 Tier2,30.967606060606062,0.3168,O2360,A73R,False
46,G1 Tier2,9.400036363636364,0.2997,O2314,"V39I,A73K",False
47,G1 Tier2,15.350763636363636,0.3048,O2404,M99V,False
48,G1 Tier2,24.94295151515152,0.2882,O2401,A73R,False
49,G1 Tier2,16.6756,0.3143,O2310,G125R,False
50,G1 Tier2,28.74489090909092,0.2871,O2429,A73R,False
51,G1 Tier2,28.335721212121207,0.293,O2401,A73R,False
52,G1 Tier2,27.359612121212127,0.2908,O2429,A73R,False
53,G1 Tier2,26.884745454545456,0.2885,O2343,A73R,False
54,G1 Tier2,29.781818181818185,0.2918,O2369,A73R,False
55,G1 Tier2,8.264624242424242,0.3128,O2325,K82M,False
56,G1 Tier2,26.36282424242424,0.2879,O2401,A73R,False
57,G1 Tier2,9.88098181818182,0.3078,O2314,"V39I,A73K",False
58,G1 Tier2,34.345157575757575,0.2813,O2401,A73R,False
59,G1 Tier2,20.2413696969697,0.2822,O2310,G125R,False
60,G1 Tier2,16.830854545454546,0.2991,O2310,G125R,False
61,G1 Tier2,16.82046666666667,0.304,O2310,G125R,False
62,G1 Tier2,27.535242424242423,0.2913,O2343,A73R,False
63,G1 Tier2,29.446630303030304,0.2884,O2429,A73R,False
64,G1 Tier2,29.03260606060606,0.2923,O2355,A73R,False
65,G1 Tier2,7.958515151515153,0.3085,O2325,K82M,False
66,G1 Tier2,3.3946363636363626,0.3039,O1757,wild type,True
67,G1 Tier2,29.495709090909088,0.2916,O2401,A73R,False
68,G1 Tier2,30.319854545454547,0.3216,O2360,A73R,False
69,G1 Tier2,30.93895151515152,0.288,O2343,A73R,False
70,G1 Tier2,4.107799999999999,0.3052,O1757,wild type,True
71,G1 Tier2,13.503339393939395,0.3153,O2404,M99V,False
72,G1 Tier2,7.134448484848487,0.3022,O2314,"V39I,A73K",False
73,G1 Tier2,24.1289393939394,0.2836,O2343,A73R,False
74,G1 Tier2,2.9826121212121213,0.3053,O1757,wild type,True
75,G1 Tier2,7.686496969696971,0.307,O2325,K82M,False
76,G1 Tier2,8.483266666666667,0.3041,O2314,"V39I,A73K",False
77,G1 Tier2,13.751278787878787,0.311,O2404,M99V,False
78,G1 Tier2,30.97602424242424,0.3205,O2360,A73R,False
79,G1 Tier2,19.1482,0.2973,O2310,G125R,False
80,G1 Tier2,26.97818787878788,0.2888,O2355,A73R,False
81,G1 Tier2,29.74983636363636,0.273,O2401,A73R,False
82,G1 Tier2,29.145642424242425,0.275,O2429,A73R,False
83,G1 Tier2,28.72544242424243,0.2623,O2401,A73R,False
84,G1 Tier2,25.07217575757576,0.3175,O2360,A73R,False
85,G1 Tier2,6.587424242424241,0.301,O2325,K82M,False
86,G1 Tier2,28.34296363636364,0.2921,O2355,A73R,False
87,G1 Tier2,8.941442424242423,0.2971,O2314,"V39I,A73K",False
88,G1 Tier2,29.00733333333333,0.2832,O2343,A73R,False
89,G1 Tier2,28.16538787878788,0.2856,O2369,A73R,False
90,G1 Tier2,20.285921212121217,0.2939,O2310,G125R,False
91,G1 Tier2,29.55653333333333,0.2807,O2355,A73R,False
92,G1 Tier2,13.355115151515152,0.3077,O2404,M99V,False
93,G1 Tier2,3.697678787878788,0.3009,O1757,wild type,True
94,G1 Tier2,8.476600000000001,0.3053,O2325,K82M,False
95,G1 Tier2,12.933587878787884,0.3096,O2404,M99V,False
96,DE2 Tier1,3.989745454545455,0.3483,O2360,A73R,True
97,DE2 Tier1,5.440333333333335,0.2679,O2827,,False
98,DE2 Tier1,5.547315151515151,0.2682,O2833,,False
99,DE2 Tier1,4.85181212121212,0.2689,O2839,,False
100,DE2 Tier1,5.087345454545454,0.2639,O2846,,False
101,DE2 Tier1,0.6487515151515151,0.302,O2853,,False
102,DE2 Tier1,3.701848484848485,0.3322,O2360,A73R,True
103,DE2 Tier1,0.4363272727272725,0.3704,O2866,,False
104,DE2 Tier1,5.915012121212122,0.2536,O2872,A73R,False
105,DE2 Tier1,8.10147878787879,0.2503,O2879,"A73R,A63A",False
106,DE2 Tier1,1.0156060606060608,0.3171,O1757,wild type,True
107,DE2 Tier1,5.947709090909092,0.2601,O2892,,False
108,DE2 Tier1,5.209321212121211,0.2584,O2821,,False
109,DE2 Tier1,3.4920848484848475,0.3523,O2360,A73R,True
110,DE2 Tier1,4.5840000000000005,0.2686,O2834,,False
111,DE2 Tier1,4.408478787878788,0.2682,O2840,,False
112,DE2 Tier1,4.219745454545454,0.3572,O2847,,False
113,DE2 Tier1,4.219515151515152,0.2675,O2854,,False
114,DE2 Tier1,4.165442424242426,0.2854,O2860,,False
115,DE2 Tier1,3.8882181818181816,0.3607,O2360,A73R,True
116,DE2 Tier1,2.2128181818181822,0.311,O2873,,False
117,DE2 Tier1,5.9643878787878775,0.2825,O2880,A73R,False
118,DE2 Tier1,4.408551515151514,0.2598,O2886,,False
119,DE2 Tier1,0.6784909090909096,0.289,O1757,wild type,True
120,DE2 Tier1,4.044812121212122,0.2552,O2822,,False
121,DE2 Tier1,4.4064545454545465,0.2593,O2828,,False
122,DE2 Tier1,3.692339393939395,0.3497,O2360,A73R,True
123,DE2 Tier1,4.34170303030303,0.2591,O2841,,False
124,DE2 Tier1,5.957078787878788,0.1958,O2848,,False
125,DE2 Tier1,4.114442424242425,0.3531,O2855,,False
126,DE2 Tier1,3.161696969696969,0.2757,O2861,,False
127,DE2 Tier1,6.953678787878786,0.2272,O2867,"A73R,A63A",False
128,DE2 Tier1,4.583769696969696,0.3801,O2360,A73R,True
129,DE2 Tier1,1.6917515151515163,0.3187,O2881,,False
130,DE2 Tier1,5.103618181818182,0.251,O2887,,False
131,DE2 Tier1,4.437096969696969,0.331,O2893,,False
132,DE2 Tier1,0.7093939393939388,0.3055,O2823,,False
133,DE2 Tier1,4.052951515151515,0.2469,O2829,,False
134,DE2 Tier1,5.1525333333333325,0.22,O2835,,False
135,DE2 Tier1,3.7219212121212126,0.3566,O2360,A73R,True
136,DE2 Tier1,4.376860606060607,0.26,O2849,,False
137,DE2 Tier1,5.436757575757577,0.242,O2856,,False
138,DE2 Tier1,3.802818181818182,0.3626,O2862,,False
139,DE2 Tier1,4.15189090909091,0.345,O2868,,False
140,DE2 Tier1,4.852109090909092,0.2592,O2874,,False
141,DE2 Tier1,3.805975757575758,0.3165,O2360,A73R,True
142,DE2 Tier1,5.268139393939394,0.2653,O2888,,False
143,DE2 Tier1,4.630296969696969,0.2682,O2894,,False
144,DE2 Tier1,0.7531272727272725,0.3132,O2824,,False
145,DE2 Tier1,4.06801818181818,0.2577,O2830,,False
146,DE2 Tier1,4.302933333333333,0.2592,O2836,,False
147,DE2 Tier1,4.550042424242424,0.26,O2842,,False
148,DE2 Tier1,1.7741939393939392,0.3002,O2360,A73R,True
149,DE2 Tier1,5.301503030303032,0.2678,O2857,,False
150,DE2 Tier1,4.603660606060608,0.2628,O2863,,False
151,DE2 Tier1,4.174812121212123,0.2721,O2869,,False
152,DE2 Tier1,4.923206060606062,0.2601,O2875,,False
153,DE2 Tier1,5.335042424242424,0.4079,O2882,,False
154,DE2 Tier1,5.534727272727275,0.2682,O2360,A73R,True
155,DE2 Tier1,5.686521212121213,0.2687,O2895,"A73R,N129N",False
156,DE2 Tier1,0.5499575757575762,0.3127,O1757,wild type,True
157,DE2 Tier1,8.047563636363636,0.2105,O2831,"D64S,A73R",False
158,DE2 Tier1,-0.0967515151515154,0.354,O2837,,False
159,DE2 Tier1,4.388066666666665,0.2619,O2843,,False
160,DE2 Tier1,4.534381818181816,0.2654,O2850,,False
161,DE2 Tier1,4.344551515151516,0.2737,O2360,A73R,True
162,DE2 Tier1,4.984872727272728,0.2839,O2864,,False
163,DE2 Tier1,4.837151515151515,0.2732,O2870,,False
164,DE2 Tier1,5.0475515151515165,0.2708,O2876,,False
165,DE2 Tier1,4.528878787878788,0.2681,O2883,,False
166,DE2 Tier1,4.825660606060606,0.2697,O2889,,False
167,DE2 Tier1,4.379666666666665,0.3832,O2360,A73R,True
168,DE2 Tier1,5.205587878787878,0.2434,O2825,,False
169,DE2 Tier1,0.5550727272727273,0.2809,O1757,wild type,True
170,DE2 Tier1,1.118036363636364,0.2967,O2838,,False
171,DE2 Tier1,1.3414969696969696,0.3225,O2844,,False
172,DE2 Tier1,4.161,0.3541,O2851,,False
173,DE2 Tier1,0.7676363636363631,0.3117,O2858,,False
174,DE2 Tier1,1.499212121212121,0.2887,O2360,A73R,True
175,DE2 Tier1,4.433715151515154,0.2667,O2871,,False
176,DE2 Tier1,7.252624242424242,0.2996,O2877,,False
177,DE2 Tier1,5.188957575757575,0.2569,O2884,,False
178,DE2 Tier1,4.312975757575757,0.3475,O2890,,False
179,DE2 Tier1,6.329157575757577,0.2447,O2896,A73R,False
180,DE2 Tier1,4.939478787878787,0.2507,O2826,,False
181,DE2 Tier1,0.0338060606060612,0.3569,O2832,,False
182,DE2 Tier1,0.4385454545454539,0.2939,O1757,wild type,True
183,DE2 Tier1,5.200696969696971,0.2563,O2845,,False
184,DE2 Tier1,7.449575757575758,0.2285,O2852,"A73R,A63A",False
185,DE2 Tier1,7.222884848484849,0.238,O2859,"A73R,A63A",False
186,DE2 Tier1,1.747921212121211,0.3328,O2865,,False
187,DE2 Tier1,4.765860606060606,0.348,O2360,A73R,True
188,DE2 Tier1,4.544000000000001,0.246,O2878,,False
189,DE2 Tier1,5.835272727272729,0.2473,O2885,A73R,False
190,DE2 Tier1,5.8122181818181815,0.2608,O2891,,False
192,DE2 Tier2,14.04196363636364,0.2224,O2831,"D64S,A73R",False
193,DE2 Tier2,11.614933333333331,0.262,O2859,"A73R,A63A",False
194,DE2 Tier2,12.691909090909093,0.2734,O2859,"A73R,A63A",False
195,DE2 Tier2,9.304836363636364,0.2533,O2895,"A73R,N129N",False
196,DE2 Tier2,8.219121212121214,0.2788,O2885,A73R,False
197,DE2 Tier2,12.16089696969697,0.2774,O2859,"A73R,A63A",False
198,DE2 Tier2,10.44150909090909,0.3039,O2877,,False
199,DE2 Tier2,7.451084848484849,0.3126,O2877,,False
200,DE2 Tier2,8.767484848484848,0.2746,O2896,A73R,False
201,DE2 Tier2,16.65393333333333,0.2509,O2831,"D64S,A73R",False
202,DE2 Tier2,8.43291515151515,0.2819,O2885,A73R,False
203,DE2 Tier2,11.857254545454545,0.2832,O2880,A73R,False
204,DE2 Tier2,10.60445454545455,0.2738,O2867,"A73R,A63A",False
205,DE2 Tier2,10.376824242424243,0.2569,O2879,"A73R,A63A",False
206,DE2 Tier2,10.75221818181818,0.3015,O2859,"A73R,A63A",False
207,DE2 Tier2,8.106448484848483,0.2986,O2896,A73R,False
208,DE2 Tier2,4.841672727272727,0.3305,O2877,,False
209,DE2 Tier2,7.992133333333334,0.2905,O2885,A73R,False
210,DE2 Tier2,4.063703030303031,0.3028,O2877,,False
211,DE2 Tier2,4.647175757575758,0.3019,O2877,,False
212,DE2 Tier2,12.46318181818182,0.2695,O2852,"A73R,A63A",False
213,DE2 Tier2,8.275127272727275,0.2685,O2896,A73R,False
214,DE2 Tier2,11.153527272727272,0.2955,O2879,"A73R,A63A",False
215,DE2 Tier2,15.463787878787874,0.2509,O2831,"D64S,A73R",False
216,DE2 Tier2,16.228957575757576,0.2576,O2831,"D64S,A73R",False
217,DE2 Tier2,13.712109090909092,0.2699,O2852,"A73R,A63A",False
218,DE2 Tier2,10.398981818181818,0.273,O2872,A73R,False
219,DE2 Tier2,9.59487878787879,0.2823,O2872,A73R,False
220,DE2 Tier2,10.89310909090909,0.2996,O2880,A73R,False
221,DE2 Tier2,13.30581212121212,0.2596,O2879,"A73R,A63A",False
222,DE2 Tier2,4.364842424242426,0.3237,O2877,,False
223,DE2 Tier2,14.177424242424244,0.2838,O2867,"A73R,A63A",False
224,DE2 Tier2,13.228339393939397,0.26,O2879,"A73R,A63A",False
225,DE2 Tier2,12.857933333333335,0.2853,O2852,"A73R,A63A",False
226,DE2 Tier2,8.535024242424242,0.2758,O2896,A73R,False
227,DE2 Tier2,9.042751515151515,0.2787,O2895,"A73R,N129N",False
228,DE2 Tier2,8.719854545454545,0.2785,O2895,"A73R,N129N",False
229,DE2 Tier2,9.28448484848485,0.3156,O2880,A73R,False
230,DE2 Tier2,7.9109030303030305,0.2847,O2872,A73R,False
231,DE2 Tier2,11.045830303030304,0.2963,O2859,"A73R,A63A",False
232,DE2 Tier2,8.99561212121212,0.2743,O2872,A73R,False
233,DE2 Tier2,9.092036363636366,0.3666,O2360,A73R,True
234,DE2 Tier2,9.644987878787877,0.2699,O2885,A73R,False
235,DE2 Tier2,8.521848484848487,0.2761,O2885,A73R,False
236,DE2 Tier2,11.991763636363636,0.2902,O2867,"A73R,A63A",False
237,DE2 Tier2,9.837109090909088,0.3734,O2360,A73R,True
238,DE2 Tier2,14.378133333333333,0.2683,O2879,"A73R,A63A",False
239,DE2 Tier2,17.811824242424244,0.265,O2831,"D64S,A73R",False
240,DE2 Tier2,13.172709090909091,0.28,O2879,"A73R,A63A",False
241,DE2 Tier2,8.796563636363636,0.284,O2896,A73R,False
242,DE2 Tier2,9.681739393939392,0.3813,O2360,A73R,True
243,DE2 Tier2,12.944787878787878,0.3002,O2867,"A73R,A63A",False
244,DE2 Tier2,9.573121212121212,0.2836,O2885,A73R,False
245,DE2 Tier2,9.993739393939396,0.2862,O2872,A73R,False
246,DE2 Tier2,15.147654545454545,0.2631,O2879,"A73R,A63A",False
247,DE2 Tier2,11.483466666666663,0.3063,O2880,A73R,False
248,DE2 Tier2,19.28484848484849,0.2593,O2831,"D64S,A73R",False
249,DE2 Tier2,14.841654545454546,0.2744,O2879,"A73R,A63A",False
250,DE2 Tier2,11.33210303030303,0.2775,O2895,"A73R,N129N",False
251,DE2 Tier2,18.83662424242424,0.2529,O2831,"D64S,A73R",False
252,DE2 Tier2,8.768163636363637,0.2776,O2896,A73R,False
253,DE2 Tier2,8.828836363636363,0.3643,O2360,A73R,True
254,DE2 Tier2,8.562860606060609,0.2886,O2885,A73R,False
255,DE2 Tier2,10.098824242424245,0.2974,O2880,A73R,False
256,DE2 Tier2,5.934193939393941,0.3327,O2877,,False
257,DE2 Tier2,13.848733333333334,0.2621,O2852,"A73R,A63A",False
258,DE2 Tier2,13.62087878787879,0.2737,O2852,"A73R,A63A",False
259,DE2 Tier2,13.575066666666668,0.2614,O2852,"A73R,A63A",False
260,DE2 Tier2,16.50614545454545,0.2573,O2831,"D64S,A73R",False
261,DE2 Tier2,13.047884848484848,0.3036,O2867,"A73R,A63A",False
262,DE2 Tier2,10.606812121212124,0.2731,O2895,"A73R,N129N",False
263,DE2 Tier2,10.824884848484851,0.2767,O2895,"A73R,N129N",False
264,DE2 Tier2,9.698127272727271,0.3078,O2880,A73R,False
265,DE2 Tier2,10.583278787878788,0.2714,O2895,"A73R,N129N",False
266,DE2 Tier2,10.49286666666667,0.3011,O2880,A73R,False
267,DE2 Tier2,9.33461212121212,0.3614,O2360,A73R,True
268,DE2 Tier2,11.945551515151516,0.2907,O2859,"A73R,A63A",False
269,DE2 Tier2,9.810618181818182,0.2997,O2880,A73R,False
270,DE2 Tier2,9.786648484848484,0.2775,O2896,A73R,False
271,DE2 Tier2,12.505127272727274,0.2554,O2852,"A73R,A63A",False
272,DE2 Tier2,9.5484,0.274,O2885,A73R,False
273,DE2 Tier2,10.523575757575758,0.2719,O2896,A73R,False
274,DE2 Tier2,13.847206060606064,0.2813,O2867,"A73R,A63A",False
275,DE2 Tier2,4.9876242424242445,0.2982,O2877,,False
276,DE2 Tier2,8.7902,0.259,O2872,A73R,False
277,DE2 Tier2,12.488696969696967,0.2658,O2852,"A73R,A63A",False
278,DE2 Tier2,10.856600000000002,0.292,O2859,"A73R,A63A",False
279,DE2 Tier2,8.46461818181818,0.3532,O2360,A73R,True
280,DE2 Tier2,12.30070303030303,0.2791,O2867,"A73R,A63A",False
281,DE2 Tier2,8.670139393939396,0.2729,O2872,A73R,False
282,DE2 Tier2,10.843454545454549,0.2735,O2872,A73R,False
283,DE2 Tier2,9.96479393939394,0.3587,O2360,A73R,True
285,DE2 Tier2,14.866254545454543,0.2936,O2859,"A73R,A63A",False
286,DE2 Tier2,13.261927272727272,0.2836,O2867,"A73R,A63A",False
287,DE2 Tier2,12.138521212121216,0.2632,O2895,"A73R,N129N",False
288,DE3 Tier1,10.803509090909092,0.1714,O3760,"A63P,A73R,D74H,I84Y",True
289,DE3 Tier1,7.863145454545454,0.1743,O4040,"A63S,D64S,A73R",False
290,DE3 Tier1,7.549533333333333,0.181,O4045,"A63S,D64S,A73R",False
291,DE3 Tier1,6.190115151515153,0.1886,O4050,"A63S,D64S,A73R",False
292,DE3 Tier1,7.860666666666666,0.1836,O4056,"A63S,D64S,A73R,KanR",False
293,DE3 Tier1,11.163666666666668,0.1794,O3760,"A63P,A73R,D74H,I84Y",True
294,DE3 Tier1,8.412933333333331,0.1954,O4066,"A63S,D64S,A73R",False
295,DE3 Tier1,10.67428484848485,0.1811,O4071,"A63S,D64S,A73R",False
296,DE3 Tier1,11.083545454545456,0.18,O3760,"A63P,A73R,D74H,I84Y",True
297,DE3 Tier1,9.479715151515151,0.1739,O4081,"A63S,D64S,A73R",False
298,DE3 Tier1,6.262266666666664,0.1718,O2994,A73R,True
299,DE3 Tier1,9.976951515151514,0.17,O4092,"A63S,D64S,A73R",False
300,DE3 Tier1,7.054521212121213,0.1822,O4035,"A63S,D64S,A73R",False
301,DE3 Tier1,11.187830303030305,0.1647,O3760,"A63P,A73R,D74H,I84Y",True
302,DE3 Tier1,7.0019757575757575,0.1814,O4046,"A63S,D64S,A73R",False
303,DE3 Tier1,14.055109090909092,0.1585,O4051,"A33A,D64S,A73R",False
304,DE3 Tier1,-0.1117818181818179,0.1878,O2831,"D64S,A73R",True
305,DE3 Tier1,6.820151515151516,0.1969,O4061,"A63S,D64S,A73R",False
306,DE3 Tier1,13.25275757575758,0.173,O3760,"A63P,A73R,D74H,I84Y",True
307,DE3 Tier1,7.926509090909092,0.1913,O4072,"A63S,D64S,A73R",False
308,DE3 Tier1,7.282951515151515,0.1926,O4076,"A63S,D64S,A73R",False
309,DE3 Tier1,13.106763636363638,0.1733,O3760,"A63P,A73R,D74H,I84Y",True
310,DE3 Tier1,8.84498181818182,0.1757,O4087,"A63S,D64S,A73R",False
311,DE3 Tier1,6.7371151515151535,0.1788,O2994,A73R,True
312,DE3 Tier1,6.952078787878787,0.1837,O4036,"A63S,D64S,A73R",False
313,DE3 Tier1,7.42601818181818,0.2189,O4041,"A63S,D64S,A73R",False
314,DE3 Tier1,11.130909090909093,0.1649,O3760,"A63P,A73R,D74H,I84Y",True
315,DE3 Tier1,6.687751515151514,0.1923,O4052,"A63S,D64S,A73R",False
316,DE3 Tier1,7.426157575757575,0.1752,O4057,"A63S,D64S,A73R",False
317,DE3 Tier1,9.3962,0.16,O2831,"D64S,A73R",True
318,DE3 Tier1,7.746787878787881,0.1875,O4067,"A63S,D64S,A73R",False
319,DE3 Tier1,13.711363636363634,0.1695,O3760,"A63P,A73R,D74H,I84Y",True
320,DE3 Tier1,8.013375757575757,0.1765,O4077,"A63S,D64S,A73R",False
321,DE3 Tier1,9.09058787878788,0.1711,O4082,"A63S,D64S,A73R",False
322,DE3 Tier1,12.875351515151518,0.1671,O3760,"A63P,A73R,D74H,I84Y",True
323,DE3 Tier1,8.2428,0.1903,O4093,"A63S,D64S,A73R",False
324,DE3 Tier1,11.773557575757575,0.1631,O3760,"A63P,A73R,D74H,I84Y",True
325,DE3 Tier1,6.492206060606064,0.2717,O4042,"A63S,D64S,A73R",False
326,DE3 Tier1,6.874975757575759,0.1772,O4047,"A63S,D64S,A73R",False
327,DE3 Tier1,11.08538181818182,0.1678,O3760,"A63P,A73R,D74H,I84Y",True
328,DE3 Tier1,6.528260606060607,0.1752,O4058,"A63S,D64S,A73R",False
329,DE3 Tier1,6.959472727272728,0.1816,O4062,"A63S,D64S,A73R",False
330,DE3 Tier1,10.199945454545457,0.1542,O2831,"D64S,A73R",True
331,DE3 Tier1,8.682630303030303,0.1718,O4073,"A63S,D64S,A73R",False
332,DE3 Tier1,10.556921212121214,0.1646,O3760,"A63P,A73R,D74H,I84Y",True
333,DE3 Tier1,8.48691515151515,0.179,O4083,"A63S,D64S,A73R",False
334,DE3 Tier1,9.315721212121217,0.1826,O4088,"A63S,D64S,A73R",False
335,DE3 Tier1,12.8834,0.1689,O3760,"A63P,A73R,D74H,I84Y",True
336,DE3 Tier1,6.703309090909091,0.1792,O4037,"A63S,D64S,A73R",False
337,DE3 Tier1,12.66591515151515,0.1649,O3760,"A63P,A73R,D74H,I84Y",True
338,DE3 Tier1,13.355860606060608,0.1449,O4048,"A33A,D64S,A73R",False
339,DE3 Tier1,7.422260606060605,0.1786,O4053,"A63S,D64S,A73R",False
340,DE3 Tier1,13.466309090909094,0.1656,O3760,"A63P,A73R,D74H,I84Y",True
341,DE3 Tier1,7.6098181818181825,0.1812,O4063,"A63S,D64S,A73R",False
342,DE3 Tier1,9.223260606060606,0.172,O4068,"A33A,D64S,A73R",False
343,DE3 Tier1,10.590448484848489,0.1505,O2831,"D64S,A73R",True
344,DE3 Tier1,5.981830303030303,0.1822,O4078,"A63S,D64S,A73R",False
345,DE3 Tier1,13.814315151515151,0.1736,O3760,"A63P,A73R,D74H,I84Y",True
346,DE3 Tier1,17.021363636363635,0.1488,O4089,"A33A,D64S,A73R",False
347,DE3 Tier1,9.61329090909091,0.1802,O4094,"A63S,D64S,A73R",False
348,DE3 Tier1,5.040969696969697,0.1656,O2994,A73R,True
349,DE3 Tier1,7.756339393939396,0.1712,O4043,"A63S,D64S,A73R",False
350,DE3 Tier1,13.055775757575756,0.1634,O3760,"A63P,A73R,D74H,I84Y",True
351,DE3 Tier1,7.459484848484848,0.1836,O4054,"A63S,D64S,A73R",False
352,DE3 Tier1,7.959781818181818,0.1749,O4059,"A63S,D64S,A73R",False
353,DE3 Tier1,12.87949696969697,0.167,O3760,"A63P,A73R,D74H,I84Y",True
354,DE3 Tier1,7.949109090909091,0.1822,O4069,"W5frameshift,A63S,D64S,A73R",False
355,DE3 Tier1,9.697048484848482,0.1709,O4074,"A63S,D64S,A73R",False
356,DE3 Tier1,8.12189090909091,0.155,O2831,"D64S,A73R",True
357,DE3 Tier1,10.084381818181818,0.1724,O4084,"A63S,D64S,A73R",False
358,DE3 Tier1,13.946460606060608,0.1688,O3760,"A63P,A73R,D74H,I84Y",True
359,DE3 Tier1,10.122466666666668,0.1843,O4095,"A63S,D64S,A73R",False
360,DE3 Tier1,7.798993939393942,0.1836,O4038,"A63S,D64S,A73R",False
361,DE3 Tier1,5.13639393939394,0.1658,O2994,A73R,True
362,DE3 Tier1,8.315618181818182,0.1821,O4049,"A63S,D64S,A73R",False
363,DE3 Tier1,16.039606060606065,0.1683,O3760,"A63P,A73R,D74H,I84Y",True
364,DE3 Tier1,8.170242424242423,0.1801,O4060,"A63S,D64S,A73R",False
365,DE3 Tier1,8.170242424242423,0.1801,O4060,"A63S,D64S,A73R",False
366,DE3 Tier1,8.40769090909091,0.1814,O4064,"A63S,D64S,A73R",False
367,DE3 Tier1,14.11381818181818,0.1719,O3760,"A63P,A73R,D74H,I84Y",True
368,DE3 Tier1,8.077272727272726,0.1847,O4075,"A63S,D64S,A73R",False
369,DE3 Tier1,7.681721212121211,0.1828,O4079,"A63S,D64S,A73R",False
370,DE3 Tier1,8.319375757575756,0.1845,O4085,"A63S,D64S,A73R",False
371,DE3 Tier1,10.11928484848485,0.177,O4090,"A63S,D64S,A73R",False
372,DE3 Tier1,16.38497575757576,0.1725,O3760,"A63P,A73R,D74H,I84Y",True
373,DE3 Tier1,7.789963636363635,0.1863,O4039,"A63S,D64S,A73R",False
374,DE3 Tier1,7.948575757575758,0.1789,O4044,"A63S,D64S,A73R",False
375,DE3 Tier1,6.794842424242425,0.175,O2994,A73R,True
376,DE3 Tier1,7.908884848484848,0.2041,O4055,"A63S,D64S,A73R",False
377,DE3 Tier1,14.37521212121212,0.1698,O3760,"A63P,A73R,D74H,I84Y",True
378,DE3 Tier1,7.721363636363636,0.1805,O4065,"A63S,D64S,A73R",False
379,DE3 Tier1,8.817757575757573,0.1807,O4070,"A63S,D64S,A73R",False
380,DE3 Tier1,16.260272727272724,0.1645,O3760,"A63P,A73R,D74H,I84Y",True
381,DE3 Tier1,7.737266666666666,0.1911,O4080,"A63S,D64S,A73R",False
382,DE3 Tier1,9.421721212121213,0.1796,O4086,"A63S,D64S,A73R",False
383,DE3 Tier1,9.54821212121212,0.1842,O4091,"A63S,D64S,A73R",False
385,ML2 Tier1,6.344684848484849,0.3939,O2360,A73R,True
386,ML2 Tier1,5.220303030303031,0.299,O3462,,False
387,ML2 Tier1,7.081478787878789,0.2845,O3467,,False
388,ML2 Tier1,7.101981818181819,0.2748,O3472,,False
389,ML2 Tier1,1.7295333333333336,0.3385,O3478,,False
390,ML2 Tier1,7.162563636363636,0.3774,O2360,A73R,True
391,ML2 Tier1,8.935072727272729,0.2966,O3490,,False
392,ML2 Tier1,7.163036363636363,0.2657,O3496,,False
393,ML2 Tier1,6.367969696969697,0.3933,O2360,A73R,True
394,ML2 Tier1,7.140472727272726,0.263,O3508,,False
395,ML2 Tier1,0.738521212121212,0.2872,O1757,wild type,True
396,ML2 Tier1,8.306375757575756,0.2783,O3519,,False
397,ML2 Tier1,7.117715151515154,0.2603,O3457,,False
398,ML2 Tier1,5.811284848484849,0.3558,O2360,A73R,True
399,ML2 Tier1,7.881212121212123,0.2592,O3468,,False
400,ML2 Tier1,7.651024242424242,0.2536,O3473,,False
401,ML2 Tier1,9.147266666666669,0.2914,O3479,,False
402,ML2 Tier1,8.439024242424244,0.2868,O3484,,False
403,ML2 Tier1,6.152400000000001,0.4108,O2360,A73R,True
404,ML2 Tier1,9.471321212121213,0.2975,O3497,,False
405,ML2 Tier1,7.288781818181818,0.2818,O3502,,False
406,ML2 Tier1,6.822757575757577,0.4008,O2360,A73R,True
407,ML2 Tier1,7.706169696969695,0.277,O3514,,False
408,ML2 Tier1,0.6446787878787882,0.3103,O1757,wild type,True
409,ML2 Tier1,8.845157575757575,0.2919,O3458,,False
410,ML2 Tier1,8.181042424242424,0.2679,O3463,"A73R,D74S",False
411,ML2 Tier1,6.458721212121213,0.3456,O2360,A73R,True
412,ML2 Tier1,8.084163636363638,0.2672,O3474,,False
413,ML2 Tier1,7.58790303030303,0.26,O3480,,False
414,ML2 Tier1,8.713836363636364,0.273,O3485,,False
415,ML2 Tier1,8.552630303030305,0.3061,O3491,,False
416,ML2 Tier1,6.657721212121212,0.3887,O2360,A73R,True
417,ML2 Tier1,1.6762121212121217,0.3538,O3503,,False
418,ML2 Tier1,11.873951515151516,0.2694,O3509,"D64A,A73R",False
419,ML2 Tier1,6.545630303030304,0.3969,O2360,A73R,True
420,ML2 Tier1,11.84550303030303,0.2736,O3520,"D64A,A73R",False
421,ML2 Tier1,5.705751515151516,0.3238,O2360,A73R,True
422,ML2 Tier1,8.138921212121213,0.2715,O3464,,False
423,ML2 Tier1,8.305769696969696,0.2742,O3469,,False
424,ML2 Tier1,6.834139393939395,0.3719,O2360,A73R,True
425,ML2 Tier1,8.18407272727273,0.253,O3481,,False
426,ML2 Tier1,7.748818181818182,0.2818,O3486,,False
427,ML2 Tier1,8.374539393939394,0.2641,O3492,,False
428,ML2 Tier1,7.34830909090909,0.2836,O3498,"A73R,D74S",False
429,ML2 Tier1,6.391096969696971,0.3743,O2360,A73R,True
430,ML2 Tier1,8.202981818181817,0.2704,O3510,,False
431,ML2 Tier1,7.290878787878787,0.2639,O3515,,False
432,ML2 Tier1,7.422812121212121,0.4105,O2360,A73R,True
433,ML2 Tier1,12.177103030303028,0.2678,O3459,"D64A,A73R",False
434,ML2 Tier1,5.646993939393939,0.3278,O2360,A73R,True
435,ML2 Tier1,7.695569696969697,0.267,O3470,,False
436,ML2 Tier1,8.376884848484849,0.2656,O3475,,False
437,ML2 Tier1,6.360224242424242,0.373,O2360,A73R,True
438,ML2 Tier1,8.480854545454546,0.275,O3487,"A73R,D74S",False
439,ML2 Tier1,8.678666666666667,0.2756,O3493,,False
440,ML2 Tier1,8.349557575757576,0.2704,O3499,,False
441,ML2 Tier1,7.390612121212122,0.2762,O3504,,False
442,ML2 Tier1,6.036442424242424,0.3564,O2360,A73R,True
443,ML2 Tier1,7.277218181818182,0.2745,O3516,,False
444,ML2 Tier1,8.956345454545456,0.2978,O3521,,False
445,ML2 Tier1,0.6093151515151514,0.3045,O1757,wild type,True
446,ML2 Tier1,8.976145454545453,0.27,O3465,,False
447,ML2 Tier1,7.206800000000001,0.4025,O2360,A73R,True
448,ML2 Tier1,9.824503030303031,0.2698,O3476,,False
449,ML2 Tier1,9.047436363636365,0.2765,O3482,,False
450,ML2 Tier1,7.4884666666666675,0.3964,O2360,A73R,True
451,ML2 Tier1,9.443600000000002,0.2635,O3494,,False
452,ML2 Tier1,13.525339393939394,0.2381,O3500,"A73R,D74S",False
453,ML2 Tier1,9.185975757575756,0.2773,O3505,"A73R,D74S",False
454,ML2 Tier1,11.084484848484848,0.2939,O3511,,False
455,ML2 Tier1,7.818551515151517,0.4101,O2360,A73R,True
456,ML2 Tier1,8.785509090909091,0.2815,O3522,,False
457,ML2 Tier1,8.33341212121212,0.281,O3460,,False
458,ML2 Tier1,0.7401999999999996,0.3086,O1757,wild type,True
459,ML2 Tier1,10.947557575757576,0.2884,O3471,,False
460,ML2 Tier1,7.358812121212122,0.375,O2360,A73R,True
461,ML2 Tier1,9.576848484848488,0.2748,O3483,,False
462,ML2 Tier1,9.643630303030305,0.2651,O3488,,False
463,ML2 Tier1,7.570042424242423,0.3729,O2360,A73R,True
464,ML2 Tier1,11.623812121212124,0.2888,O3501,,False
465,ML2 Tier1,8.64981212121212,0.2826,O3506,,False
466,ML2 Tier1,9.016951515151517,0.2966,O3512,"A73R,D74S",False
467,ML2 Tier1,9.495733333333334,0.2887,O3517,,False
468,ML2 Tier1,8.191339393939394,0.4073,O2360,A73R,True
469,ML2 Tier1,8.318060606060605,0.2765,O3461,,False
470,ML2 Tier1,8.152563636363634,0.2544,O3466,,False
471,ML2 Tier1,1.2019939393939398,0.3062,O1757,wild type,True
472,ML2 Tier1,9.30950909090909,0.2725,O3477,,False
473,ML2 Tier1,6.303266666666668,0.3577,O2360,A73R,True
474,ML2 Tier1,11.72120606060606,0.2845,O3489,"D74R,G125K",False
475,ML2 Tier1,8.253230303030303,0.2633,O3495,,False
476,ML2 Tier1,7.869660606060608,0.4066,O2360,A73R,True
477,ML2 Tier1,4.591272727272728,0.3235,O3507,,False
478,ML2 Tier1,10.565460606060608,0.299,O3513,,False
479,ML2 Tier1,9.530575757575756,0.2787,O3518,,False
481,ML2 Tier2,8.112006060606062,0.2591,O3459,"D64A,A73R",False
482,ML2 Tier2,9.905642424242425,0.2154,O3520,"D64A,A73R",False
483,ML2 Tier2,0.9245575757575756,0.2559,O1757,wild type,True
484,ML2 Tier2,6.963030303030304,0.2061,O3487,"A73R,D74S",False
485,ML2 Tier2,6.457369696969697,0.2164,O3487,"A73R,D74S",False
486,ML2 Tier2,6.75658181818182,0.2018,O3463,"A73R,D74S",False
487,ML2 Tier2,9.914066666666669,0.2178,O3509,"D64A,A73R",False
488,ML2 Tier2,6.419703030303031,0.2156,O3498,"A73R,D74S",False
489,ML2 Tier2,2.236557575757577,0.3112,O2360,A73R,True
490,ML2 Tier2,6.900569696969697,0.2104,O3487,"A73R,D74S",False
491,ML2 Tier2,7.554145454545455,0.22,O3512,"A73R,D74S",False
492,ML2 Tier2,7.631672727272728,0.2243,O3489,"D74R,G125K",False
493,ML2 Tier2,5.47310303030303,0.2102,O3498,"A73R,D74S",False
494,ML2 Tier2,6.048466666666668,0.2162,O3505,"A73R,D74S",False
495,ML2 Tier2,7.364539393939394,0.2323,O3500,"A73R,D74S",False
496,ML2 Tier2,6.879654545454545,0.2104,O3487,"A73R,D74S",False
497,ML2 Tier2,5.8913212121212135,0.2307,O3505,"A73R,D74S",False
498,ML2 Tier2,9.832521212121213,0.23,O3459,"D64A,A73R",False
499,ML2 Tier2,10.700278787878789,0.2475,O3509,"D64A,A73R",False
500,ML2 Tier2,6.423284848484849,0.216,O3463,"A73R,D74S",False
501,ML2 Tier2,8.07690909090909,0.2363,O3459,"D64A,A73R",False
502,ML2 Tier2,6.35568484848485,0.2049,O3505,"A73R,D74S",False
503,ML2 Tier2,6.268648484848486,0.2264,O3463,"A73R,D74S",False
504,ML2 Tier2,8.852903030303029,0.2137,O3520,"D64A,A73R",False
505,ML2 Tier2,6.875957575757576,0.2106,O3498,"A73R,D74S",False
506,ML2 Tier2,11.678030303030305,0.2226,O3459,"D64A,A73R",False
507,ML2 Tier2,7.519642424242424,0.2093,O3489,"D74R,G125K",False
508,ML2 Tier2,7.853515151515151,0.2206,O3489,"D74R,G125K",False
509,ML2 Tier2,6.378466666666668,0.1906,O3463,"A73R,D74S",False
510,ML2 Tier2,7.373115151515153,0.2148,O3500,"A73R,D74S",False
511,ML2 Tier2,7.51171515151515,0.1954,O3512,"A73R,D74S",False
512,ML2 Tier2,10.801678787878789,0.2076,O3509,"D64A,A73R",False
513,ML2 Tier2,0.4420848484848493,0.2412,O1757,wild type,True
514,ML2 Tier2,7.0752424242424246,0.2048,O3512,"A73R,D74S",False
515,ML2 Tier2,7.108981818181818,0.2001,O3463,"A73R,D74S",False
516,ML2 Tier2,10.046539393939396,0.2218,O3509,"D64A,A73R",False
517,ML2 Tier2,6.47618787878788,0.2317,O3512,"A73R,D74S",False
518,ML2 Tier2,9.48789090909091,0.2508,O3459,"D64A,A73R",False
519,ML2 Tier2,11.624503030303032,0.2112,O3520,"D64A,A73R",False
520,ML2 Tier2,8.003575757575758,0.2132,O3489,"D74R,G125K",False
521,ML2 Tier2,9.42618181818182,0.2033,O3520,"D64A,A73R",False
522,ML2 Tier2,0.5357757575757586,0.264,O1757,wild type,True
523,ML2 Tier2,2.5884606060606057,0.2941,O2360,A73R,True
524,ML2 Tier2,0.4085696969696966,0.2391,O1757,wild type,True
525,ML2 Tier2,5.871042424242423,0.1762,O3487,"A73R,D74S",False
526,ML2 Tier2,8.124593939393943,0.2114,O3520,"D64A,A73R",False
527,ML2 Tier2,9.449927272727273,0.196,O3509,"D64A,A73R",False
528,ML2 Tier2,6.664618181818181,0.2114,O3505,"A73R,D74S",False
529,ML2 Tier2,9.683515151515152,0.227,O3459,"D64A,A73R",False
530,ML2 Tier2,10.358036363636364,0.2251,O3509,"D64A,A73R",False
531,ML2 Tier2,7.016478787878789,0.1955,O3463,"A73R,D74S",False
532,ML2 Tier2,0.7666969696969699,0.2487,O1757,wild type,True
533,ML2 Tier2,6.622733333333334,0.1976,O3498,"A73R,D74S",False
534,ML2 Tier2,8.324933333333332,0.216,O3489,"D74R,G125K",False
535,ML2 Tier2,7.365151515151515,0.1945,O3498,"A73R,D74S",False
536,ML2 Tier2,2.3632909090909098,0.3123,O2360,A73R,True
537,ML2 Tier2,7.103442424242426,0.1884,O3500,"A73R,D74S",False
538,ML2 Tier2,11.2412,0.2006,O3459,"D64A,A73R",False
539,ML2 Tier2,7.912199999999999,0.206,O3500,"A73R,D74S",False
540,ML2 Tier2,7.618399999999999,0.2039,O3512,"A73R,D74S",False
541,ML2 Tier2,7.174109090909091,0.2277,O3487,"A73R,D74S",False
542,ML2 Tier2,10.269424242424243,0.2176,O3520,"D64A,A73R",False
543,ML2 Tier2,8.595909090909089,0.2142,O3489,"D74R,G125K",False
544,ML2 Tier2,1.996527272727273,0.312,O2360,A73R,True
545,ML2 Tier2,1.990345454545454,0.3136,O2360,A73R,True
546,ML2 Tier2,8.355369696969696,0.2003,O3512,"A73R,D74S",False
547,ML2 Tier2,0.7232121212121206,0.2507,O1757,wild type,True
548,ML2 Tier2,8.650242424242425,0.208,O3489,"D74R,G125K",False
549,ML2 Tier2,6.915836363636365,0.197,O3505,"A73R,D74S",False
550,ML2 Tier2,7.435230303030303,0.1979,O3505,"A73R,D74S",False
551,ML2 Tier2,7.15298181818182,0.1942,O3498,"A73R,D74S",False
552,ML2 Tier2,1.4398666666666664,0.3051,O2360,A73R,True
553,ML2 Tier2,6.7873636363636365,0.1947,O3512,"A73R,D74S",False
554,ML2 Tier2,10.575696969696969,0.1905,O3520,"D64A,A73R",False
555,ML2 Tier2,11.983363636363636,0.195,O3509,"D64A,A73R",False
556,ML2 Tier2,11.881515151515153,0.1879,O3459,"D64A,A73R",False
557,ML2 Tier2,0.7868909090909092,0.2377,O1757,wild type,True
558,ML2 Tier2,7.825260606060607,0.1855,O3463,"A73R,D74S",False
559,ML2 Tier2,8.790236363636364,0.1987,O3489,"D74R,G125K",False
560,ML2 Tier2,7.730527272727272,0.1925,O3487,"A73R,D74S",False
561,ML2 Tier2,6.437248484848485,0.1938,O3500,"A73R,D74S",False
562,ML2 Tier2,0.9646121212121206,0.2326,O1757,wild type,True
563,ML2 Tier2,8.206,0.1794,O3505,"A73R,D74S",False
564,ML2 Tier2,7.247636363636364,0.1887,O3498,"A73R,D74S",False
565,ML2 Tier2,7.453145454545455,0.2172,O3512,"A73R,D74S",False
566,ML2 Tier2,7.178296969696969,0.2094,O3500,"A73R,D74S",False
567,ML2 Tier2,7.50289090909091,0.1933,O3487,"A73R,D74S",False
568,ML2 Tier2,7.438793939393938,0.2114,O3500,"A73R,D74S",False
569,ML2 Tier2,9.062278787878787,0.1958,O3520,"D64A,A73R",False
570,ML2 Tier2,6.8685212121212125,0.1933,O3498,"A73R,D74S",False
571,ML2 Tier2,2.840533333333333,0.319,O2360,A73R,True
572,ML2 Tier2,7.4434969696969695,0.2015,O3500,"A73R,D74S",False
573,ML2 Tier2,9.67868484848485,0.1894,O3509,"D64A,A73R",False
574,ML2 Tier2,2.750654545454545,0.2942,O2360,A73R,True
575,ML2 Tier2,7.452248484848486,0.1937,O3505,"A73R,D74S",False
576,ML3 Tier1,4.713163636363636,0.1816,O2360,A73R,True
577,ML3 Tier1,12.282715151515152,0.1913,O3754,,False
578,ML3 Tier1,13.032400000000004,0.1966,O3759,,False
579,ML3 Tier1,10.948345454545452,0.2095,O3764,"A63P,A73R,D74H,I84Y",False
580,ML3 Tier1,9.448187878787875,0.2115,O3770,"A63P,A73R,D74H,I84Y",False
581,ML3 Tier1,0.8176666666666679,0.2167,O2360,A73R,True
582,ML3 Tier1,12.640933333333331,0.1957,O3779,"A63P,A73R,D74H,I84Y",False
583,ML3 Tier1,8.716133333333334,0.2003,O3784,"A63P,A73R,D74H,I84Y",False
584,ML3 Tier1,0.9831575757575758,0.1851,O2360,A73R,True
585,ML3 Tier1,13.34070303030303,0.1734,O3794,"A63P,A73R,D74H,I84Y",False
586,ML3 Tier1,0.2193272727272737,0.1828,O1757,wild type,True
587,ML3 Tier1,13.178006060606062,0.1729,O3805,,False
588,ML3 Tier1,11.591557575757578,0.1637,O3749,,False
589,ML3 Tier1,3.743684848484849,0.1851,O2360,A73R,True
590,ML3 Tier1,11.575521212121217,0.1808,O3760,"A63P,A73R,D74H,I84Y",False
591,ML3 Tier1,11.402696969696969,0.1981,O3765,"A63P,A73R,D74H,I84Y",False
592,ML3 Tier1,4.633272727272728,0.1771,O3512,"A73R,D74S",True
593,ML3 Tier1,0.6435818181818188,0.2142,O2360,A73R,True
594,ML3 Tier1,12.693648484848486,0.1765,O3785,"A63P,A73R,D74H,I84Y",False
595,ML3 Tier1,10.674460606060606,0.1682,O3789,"A63P,A73R,D74H,I84Y",False
596,ML3 Tier1,1.2800242424242418,0.1944,O2360,A73R,True
597,ML3 Tier1,11.11218181818182,0.189,O3800,"A63P,A73R,D74H,I84Y",False
598,ML3 Tier1,0.4781878787878781,0.1826,O1757,wild type,True
599,ML3 Tier1,11.84117575757576,0.1597,O3750,,False
600,ML3 Tier1,11.390951515151515,0.1648,O3755,"A63P,A73R,D74H,I84Y",False
601,ML3 Tier1,0.5042303030303029,0.212,O2360,A73R,True
602,ML3 Tier1,9.215333333333335,0.2182,O3766,"A63P,A73R,D74H,I84Y",False
603,ML3 Tier1,9.330054545454546,0.1735,O3771,"A63P,A73R,D74H,I84Y",False
604,ML3 Tier1,4.075,0.1568,O3512,"A73R,D74S",True
605,ML3 Tier1,11.848242424242423,0.1653,O3780,"A63P,A73R,D74H,I84Y",False
606,ML3 Tier1,1.150757575757575,0.1984,O2360,A73R,True
607,ML3 Tier1,12.547224242424242,0.1728,O3790,"A63P,A73R,D74H,I84Y",False
608,ML3 Tier1,12.847993939393945,0.1641,O3795,"A63P,A73R,D74H,I84Y",False
609,ML3 Tier1,1.6797757575757568,0.173,O2360,A73R,True
610,ML3 Tier1,12.710254545454546,0.1759,O3806,"A63P,A73R,D74H,I84Y",False
611,ML3 Tier1,0.4830363636363614,0.1529,O2360,A73R,True
612,ML3 Tier1,10.940084848484853,0.18,O3756,"A63P,A73R,D74H,I84Y",False
613,ML3 Tier1,11.649460606060606,0.1922,O3761,"A63P,A73R,D74H,I84Y",False
614,ML3 Tier1,4.819751515151515,0.1923,O2360,A73R,True
615,ML3 Tier1,12.7828303030303,0.1767,O3772,"A63P,A73R,D74H,I84Y",False
616,ML3 Tier1,12.970745454545453,0.1764,O3775,"A63P,A73R,D74H,I84Y",False
617,ML3 Tier1,4.675315151515152,0.1523,O3512,"A73R,D74S",True
618,ML3 Tier1,10.442163636363636,0.167,O3786,"A63P,A73R,D74H,I84Y",False
619,ML3 Tier1,1.3402848484848493,0.1817,O2360,A73R,True
620,ML3 Tier1,11.330272727272728,0.1936,O3796,"A63P,A73R,D74H,I84Y",False
621,ML3 Tier1,1.0228181818181807,0.1392,O3801,"S55R,A63P,D64A,A73S,K82M,M99V",False
622,ML3 Tier1,0.98381212121212,0.1815,O2360,A73R,True
623,ML3 Tier1,13.975830303030303,0.1451,O3751,"A63P,A73R,D74H,I84Y",False
624,ML3 Tier1,0.599569696969697,0.1731,O2360,A73R,True
625,ML3 Tier1,13.506666666666668,0.1875,O3762,"A63P,A73R,D74H,I84Y",False
626,ML3 Tier1,9.071327272727274,0.2124,O3767,"A63P,A73R,D74H,I84Y",False
627,ML3 Tier1,1.3726545454545442,0.1819,O2360,A73R,True
628,ML3 Tier1,9.087333333333335,0.2018,O3776,"A63P,A73R,D74H,I84Y",False
629,ML3 Tier1,14.038157575757571,0.1721,O3781,"A63P,A73R,D74H,I84Y",False
630,ML3 Tier1,4.873654545454548,0.151,O3512,"A73R,D74S",True
631,ML3 Tier1,2.8507454545454545,0.2042,O3791,"A63P,G72N,D74E,Q78A,M99V",False
632,ML3 Tier1,2.2111454545454547,0.1942,O2360,A73R,True
633,ML3 Tier1,11.106660606060608,0.1936,O3802,"A63P,A73R,D74H,I84Y",False
634,ML3 Tier1,13.46790303030303,0.1716,O3807,,False
635,ML3 Tier1,0.2435151515151534,0.1579,O1757,wild type,True
636,ML3 Tier1,9.444054545454549,0.1915,O3757,"A63P,A73R,D74H,I84Y",False
637,ML3 Tier1,2.4990727272727264,0.2111,O2360,A73R,True
638,ML3 Tier1,10.302266666666666,0.1776,O3768,,False
639,ML3 Tier1,12.684260606060608,0.175,O3773,"A63P,A73R,D74H,I84Y",False
640,ML3 Tier1,0.9170787878787866,0.1832,O2360,A73R,True
641,ML3 Tier1,14.089818181818185,0.1726,O3782,"A63P,A73R,D74H,I84Y",False
642,ML3 Tier1,12.728521212121214,0.1704,O3787,"A63P,A73R,D74H,I84Y",False
643,ML3 Tier1,3.9808484848484857,0.1491,O3512,"A73R,D74S",True
644,ML3 Tier1,5.882939393939394,0.1907,O3797,"V65I,I68L,D74P,M99V,S114I,S115K",False
645,ML3 Tier1,1.2331454545454554,0.1864,O2360,A73R,True
646,ML3 Tier1,11.712478787878789,0.1753,O3808,,False
647,ML3 Tier1,2.769703030303031,0.1793,O3752,"R46K,A63P,D74E,Q78A,K82A",False
648,ML3 Tier1,-0.0743818181818188,0.1949,O1757,wild type,True
649,ML3 Tier1,11.836745454545456,0.1869,O3763,"A63P,A73R,D74H,I84Y",False
650,ML3 Tier1,2.6592121212121214,0.2066,O2360,A73R,True
651,ML3 Tier1,12.64638181818182,0.1802,O3774,"A63P,A73R,D74H,I84Y",False
652,ML3 Tier1,9.604775757575757,0.2083,O3777,"A63P,A73R,D74H,I84Y",False
653,ML3 Tier1,0.8609333333333323,0.1973,O2360,A73R,True
654,ML3 Tier1,11.715133333333334,0.1708,O3788,"A63P,A73R,D74H,I84Y",False
655,ML3 Tier1,10.3046,0.1703,O3792,"A63P,A73R,D74H,I84Y",False
656,ML3 Tier1,12.14919393939394,0.1725,O3798,,False
657,ML3 Tier1,10.027109090909091,0.2033,O3803,"A63P,A73R,D74H,I84Y",False
658,ML3 Tier1,1.364575757575758,0.1935,O2360,A73R,True
659,ML3 Tier1,12.235442424242429,0.1534,O3753,,False
660,ML3 Tier1,12.381200000000002,0.1722,O3758,"A63P,A73R,D74H,I84Y",False
661,ML3 Tier1,-0.0681393939393935,0.1848,O1757,wild type,True
662,ML3 Tier1,12.062036363636365,0.1949,O3769,"A63P,A73R,D74H,I84Y",False
663,ML3 Tier1,1.3052121212121193,0.1907,O2360,A73R,True
664,ML3 Tier1,12.051472727272728,0.1782,O3778,"A63P,A73R,D74H,I84Y",False
665,ML3 Tier1,9.654593939393942,0.1677,O3783,"A63P,A73R,D74H,I84Y",False
666,ML3 Tier1,2.164042424242425,0.1926,O2360,A73R,True
667,ML3 Tier1,13.16222424242424,0.1785,O3793,"A63P,A73R,D74H,I84Y",False
668,ML3 Tier1,11.223151515151514,0.1704,O3799,"A63P,A73R,D74H,I84Y",False
669,ML3 Tier1,10.781460606060609,0.1716,O3804,,False
670,ML3 Tier1,10.951145454545458,0.204,O3809,,False
671,ML4 Tier1,11.565,0.1066,O3760,"A63P,A73R,D74H,I84Y",True
672,ML4 Tier1,10.576024242424245,0.1023,O4187,"A24frameshift,D38E,S45K,S55A,A63S,A73R,D74F",False
673,ML4 Tier1,11.291654545454543,0.0744,O4192,"D38E,S45Q,S55R,A63S,D64E,A73R,D74S,Q78A,I84V,E101Q",False
674,ML4 Tier1,11.340060606060607,0.0985,O4197,"D38E,S45Q,S55R,A63S,D64E,A73R,D74S,Q78A,I84V,E101Q",False
675,ML4 Tier1,11.6702,0.0897,O4203,"D38E,S45Q,S55R,A63S,D64E,A73R,D74S,Q78A,I84V,E101Q",False
676,ML4 Tier1,16.075460606060606,0.1202,O3760,"A63P,A73R,D74H,I84Y",True
677,ML4 Tier1,12.606248484848482,0.093,O4213,"A34E,S55A,A63S,A73R,D74S,Q78A",False
678,ML4 Tier1,11.259430303030303,0.0849,O4218,"D38E,S45Q,S55R,A63S,D64E,A73R,D74S,Q78A,I84V,E101Q",False
679,ML4 Tier1,17.0963696969697,0.1092,O3760,"A63P,A73R,D74H,I84Y",True
680,ML4 Tier1,8.131078787878788,0.0859,O4228,"R35L,V39I,D64S,A73R,D74W,Q78A",False
681,ML4 Tier1,4.843309090909092,0.1041,O2994,A73R,True
682,ML4 Tier1,11.70417575757576,0.0699,O4239,"A34E,D38E,S45T,S55A,A63S,D64E,A73R,D74S,Q78A,K82R,E101V",False
683,ML4 Tier1,11.684418181818184,0.0657,O4182,"S45Q,S55A,A63S,A73R,D74S,Q78S",False
684,ML4 Tier1,14.096430303030305,0.1139,O3760,"A63P,A73R,D74H,I84Y",True
685,ML4 Tier1,11.565236363636362,0.0711,O4193,"D38E,S45Q,S55R,A63S,D64E,A73R,D74S,Q78A,I84V,E101Q",False
686,ML4 Tier1,11.967054545454545,0.0769,O4198,"S45Q,S55A,A63S,A73R,D74S,Q78S",False
687,ML4 Tier1,4.945733333333334,0.1184,O2994,A73R,True
688,ML4 Tier1,13.417527272727272,0.1051,O4208,"D38E,S45L,S55A,A63S,A73R,D74F",False
689,ML4 Tier1,14.861793939393944,0.1149,O3760,"A63P,A73R,D74H,I84Y",True
690,ML4 Tier1,-0.6216727272727276,0.0429,O4219,,False
691,ML4 Tier1,14.487945454545455,0.0851,O4223,"S45Q,S55A,A63S,A73R,D74S,Q78S",False
692,ML4 Tier1,16.720315151515152,0.1091,O3760,"A63P,A73R,D74H,I84Y",True
693,ML4 Tier1,11.460315151515154,0.0616,O4234,"A63P,A73R,D74H,I84Y",False
694,ML4 Tier1,5.045345454545455,0.1081,O2994,A73R,True
695,ML4 Tier1,12.34738787878788,0.1015,O4183,"R35L,V39I,D64S,A73R,D74W,Q78A",False
696,ML4 Tier1,10.518115151515152,0.0899,O4188,"D38E,S45Q,S55R,A63S,D64E,A73R,D74S,Q78A,I84V,E101Q",False
697,ML4 Tier1,14.199793939393942,0.1244,O3760,"A63P,A73R,D74H,I84Y",True
698,ML4 Tier1,10.57872727272727,0.092,O4199,"D38E,S45Q,S55R,A63S,D64E,A73R,D74S,Q78A,I84V,E101Q",False
699,ML4 Tier1,11.18209090909091,0.0727,O4204,"D38E,S45Q,S55R,A63S,D64E,A73R,D74S,Q78A,I84V,E101Q",False
700,ML4 Tier1,5.338818181818184,0.1139,O2994,A73R,True
701,ML4 Tier1,14.299351515151516,0.0962,O4214,"A34E,D38E,S45Q,S55A,A63S,A73R,D74F,K82R,K87R,K105S",False
702,ML4 Tier1,16.807254545454548,0.1084,O3760,"A63P,A73R,D74H,I84Y",True
703,ML4 Tier1,10.459927272727272,0.0831,O4224,"R35L,V39I,D64S,A73R,D74W,Q78A",False
704,ML4 Tier1,9.218521212121212,0.0755,O4229,"S45Q,S55A,A63S,A73R,D74S,Q78S",False
705,ML4 Tier1,14.225266666666668,0.1071,O3760,"A63P,A73R,D74H,I84Y",True
706,ML4 Tier1,6.907842424242425,0.0753,O4240,"A34E,S55A,A63S,A73R,D74S,Q78A",False
707,ML4 Tier1,14.89546666666667,0.1146,O3760,"A63P,A73R,D74H,I84Y",True
708,ML4 Tier1,12.037363636363636,0.073,O4189,"A34E,S55A,A63S,A73R,D74S,Q78A",False
709,ML4 Tier1,14.079090909090912,0.0792,O4194,"S45Q,S55A,A63S,A73R,D74S,Q78S",False
710,ML4 Tier1,13.65630303030303,0.115,O3760,"A63P,A73R,D74H,I84Y",True
711,ML4 Tier1,14.233442424242424,0.082,O4205,"S45Q,S55A,A63S,A73R,D74S,Q78S",False
712,ML4 Tier1,15.422872727272727,0.0882,O4209,"S45Q,S55A,A63S,A73R,D74S,Q78S",False
713,ML4 Tier1,6.75240606060606,0.1138,O2994,A73R,True
714,ML4 Tier1,5.685103030303031,0.0819,O4220,"D38E,S45Q,S55R,A63S,D64E,A73R,D74S,Q78A,I84V,E101Q",False
715,ML4 Tier1,14.845527272727278,0.1195,O3760,"A63P,A73R,D74H,I84Y",True
716,ML4 Tier1,11.558369696969695,0.0892,O4230,"D38E,S45Q,S55R,A63S,D64E,A73R,D74S,Q78A,I84V,E101Q",False
717,ML4 Tier1,11.236709090909091,0.0723,O4235,"S45Q,S55A,A63S,A73R,D74S,Q78S",False
718,ML4 Tier1,15.084848484848486,0.1072,O3760,"A63P,A73R,D74H,I84Y",True
719,ML4 Tier1,11.364048484848489,0.1031,O4184,"A34E,D38E,S45Q,S55A,A63S,A73R,D74F,K82R,K87R,K105S",False
720,ML4 Tier1,15.634024242424248,0.1139,O3760,"A63P,A73R,D74H,I84Y",True
721,ML4 Tier1,12.159975757575756,0.0705,O4195,"D38E,S45Q,S55R,A63S,D64E,A73R,D74S,Q78A,I84V,E101Q",False
722,ML4 Tier1,11.16377575757576,0.0704,O4200,"D38E,S45Q,S55R,A63S,D64E,A73R,D74S,Q78A,I84V,E101Q",False
723,ML4 Tier1,15.40648484848485,0.1193,O3760,"A63P,A73R,D74H,I84Y",True
724,ML4 Tier1,14.973727272727274,0.0942,O4210,"S45Q,S55A,A63S,A73R,D74S,Q78S",False
725,ML4 Tier1,10.317830303030304,0.0859,O4215,"D38E,S45Q,S55R,A63S,D64E,A73R,D74S,Q78A,I84V,E101Q",False
726,ML4 Tier1,5.300812121212123,0.1097,O2994,A73R,True
727,ML4 Tier1,15.552412121212118,0.1173,O4225,"D38E,S45Q,S55R,K59N,A63P,D64E,A73R,D74H,K82R,I84Y,K87R",False
728,ML4 Tier1,15.144169696969698,0.1107,O3760,"A63P,A73R,D74H,I84Y",True
729,ML4 Tier1,13.225878787878788,0.0777,O4236,"D38E,S45Q,S55R,A63S,D64E,A73R,D74S,Q78A,I84V,E101Q",False
730,ML4 Tier1,10.61398787878788,0.0716,O4241,"D38E,S45Q,S55R,A63S,D64E,A73R,D74S,Q78A,I84V,E101Q",False
731,ML4 Tier1,5.981254545454547,0.1049,O2994,A73R,True
732,ML4 Tier1,17.35016363636364,0.0965,O4190,"D38E,S45Q,S55R,K59N,A63P,D64E,A73R,D74H,K82R,I84Y,K87R",False
733,ML4 Tier1,14.134490909090909,0.1135,O3760,"A63P,A73R,D74H,I84Y",True
734,ML4 Tier1,12.824351515151516,0.0915,O4201,"A34E,S55A,A63S,A73R,D74S,Q78A",False
735,ML4 Tier1,13.706539393939396,0.0753,O4206,"A34E,S55A,A63S,A73R,D74S,Q78A",False
736,ML4 Tier1,16.320133333333334,0.1166,O3760,"A63P,A73R,D74H,I84Y",True
737,ML4 Tier1,13.193339393939397,0.0755,O4216,"S45Q,S55A,A63S,A73R,D74S,Q78S",False
738,ML4 Tier1,11.584236363636364,0.075,O4221,"D38E,S45Q,S55R,A63S,D64E,A73R,D74S,Q78A,I84V,E101Q",False
739,ML4 Tier1,6.690096969696969,0.111,O2994,A73R,True
740,ML4 Tier1,12.865424242424242,0.1026,O4231,"A34E,D38E,S45Q,S55A,A63S,A73R,D74F,K82R,K87R,K105S",False
741,ML4 Tier1,16.860793939393943,0.1127,O3760,"A63P,A73R,D74H,I84Y",True
742,ML4 Tier1,14.864218181818185,0.064,O4242,"S45Q,S55A,A63S,A73R,D74S,Q78S",False
743,ML4 Tier1,14.425842424242424,0.1055,O4185,"R35L,V39I,D64S,A73R,D74W,Q78A",False
744,ML4 Tier1,5.482624242424243,0.1033,O2994,A73R,True
745,ML4 Tier1,15.87917575757576,0.102,O4196,"D38E,A63P,A73R,D74H,I84Y",False
746,ML4 Tier1,16.027309090909093,0.1251,O3760,"A63P,A73R,D74H,I84Y",True
747,ML4 Tier1,15.480927272727271,0.0907,O4207,"S45Q,S55A,A63S,A73R,D74S,Q78S",False
748,ML4 Tier1,12.330266666666668,0.1049,O4211,"D38E,S45K,S55A,A63S,A73R,D74F",False
749,ML4 Tier1,16.133757575757578,0.1193,O3760,"A63P,A73R,D74H,I84Y",True
750,ML4 Tier1,15.79358787878788,0.0829,O4222,"S45Q,S55A,A63S,A73R,D74S,Q78S",False
751,ML4 Tier1,9.882345454545456,0.0998,O4226,"D38E,S45Q,A60K,A63S,A73R,D74F,K87R,E101V",False
752,ML4 Tier1,12.558933333333334,0.0752,O4232,"D38E,S45Q,S55R,A63S,D64E,A73R,D74S,Q78A,I84V,E101Q",False
753,ML4 Tier1,6.633036363636364,0.0773,O4237,"A34E,D38E,S45T,S55A,A63S,D64E,A73R,D74S,Q78A,K82R,E101V",False
754,ML4 Tier1,16.823054545454546,0.1069,O3760,"A63P,A73R,D74H,I84Y",True
755,ML4 Tier1,13.984642424242423,0.0903,O4186,"A34E,S55A,A63S,A73R,D74S,Q78A",False
756,ML4 Tier1,9.92630303030303,0.0868,O4191,"D38E,S45K,S55A,A63S,A73R,D74F",False
757,ML4 Tier1,4.83660606060606,0.114,O2994,A73R,True
758,ML4 Tier1,12.321048484848486,0.0956,O4202,"A73R,D74S,A132P",False
759,ML4 Tier1,16.932569696969697,0.1152,O3760,"A63P,A73R,D74H,I84Y",True
760,ML4 Tier1,17.257284848484847,0.0884,O4212,"S45Q,S55A,A63S,A73R,D74S,Q78S",False
761,ML4 Tier1,18.006151515151515,0.1169,O4217,"D38E,S45K,S55R,A63S,D64E,A73I,D74H,Q78A,E101Q,K105Q",False
762,ML4 Tier1,19.28245454545455,0.1096,O3760,"A63P,A73R,D74H,I84Y",True
763,ML4 Tier1,12.099442424242426,0.0771,O4227,"D38E,S45Q,S55R,A63S,D64E,A73R,D74S,Q78A,I84V,E101Q",False
764,ML4 Tier1,6.107363636363637,0.0807,O4233,"D38E,S45Q,S55R,A63S,D64E,A73R,D74S,Q78A,I84V,E101Q",False
765,ML4 Tier1,6.773206060606059,0.0734,O4238,"A34E,S55A,A63S,A73R,D74S,Q78A",False
